"RecordID","PengalamanCoding","ToolFavorit","PaketID"
281618,"Pemula","Python","ADK3-0A7E8DD2"
183465,"Menengah","Python","ADK3-0A7E8DD2"
252690,"Pemula","R","ADK3-0A7E8DD2"
537171,"Menengah","SQL","ADK3-0A7E8DD2"
859386,"Lanjut","Python","ADK3-0A7E8DD2"
648904,"Menengah","Python","ADK3-0A7E8DD2"
261128,"Menengah","Python","ADK3-0A7E8DD2"
595529,"Lanjut","Python","ADK3-0A7E8DD2"
436777,"Pemula","Python","ADK3-0A7E8DD2"
583750,"Menengah","Python","ADK3-0A7E8DD2"
703481,"Pemula","Python","ADK3-0A7E8DD2"
476416,"Pemula","R","ADK3-0A7E8DD2"
768768,"Pemula","R","ADK3-0A7E8DD2"
409972,"Lanjut","SQL","ADK3-0A7E8DD2"
350097,"Menengah","Python","ADK3-0A7E8DD2"
128974,"Pemula","Python","ADK3-0A7E8DD2"
453971,"Lanjut","Python","ADK3-0A7E8DD2"
253908,"Menengah","Python","ADK3-0A7E8DD2"
220190,"Pemula","Python","ADK3-0A7E8DD2"
580756,"Menengah","Python","ADK3-0A7E8DD2"
923594,"Lanjut","SQL","ADK3-0A7E8DD2"
556545,"Menengah","Python","ADK3-0A7E8DD2"
308528,"Menengah","Python","ADK3-0A7E8DD2"
888124,"Pemula","R","ADK3-0A7E8DD2"
171522,"Menengah","R","ADK3-0A7E8DD2"
403219,"Lanjut","SQL","ADK3-0A7E8DD2"
127081,"Menengah","R","ADK3-0A7E8DD2"
140845,"Pemula","R","ADK3-0A7E8DD2"
124929,"Lanjut","SQL","ADK3-0A7E8DD2"
519432,"Menengah","Python","ADK3-0A7E8DD2"
565461,"Lanjut","Python","ADK3-0A7E8DD2"
941157,"Lanjut","R","ADK3-0A7E8DD2"
355486,"Menengah","SQL","ADK3-0A7E8DD2"
376782,"Lanjut","Python","ADK3-0A7E8DD2"
227196,"Pemula","R","ADK3-0A7E8DD2"
943547,"Pemula","Python","ADK3-0A7E8DD2"
959572,"Pemula","Python","ADK3-0A7E8DD2"
541057,"Pemula","Python","ADK3-0A7E8DD2"
995714,"Menengah","SQL","ADK3-0A7E8DD2"
687262,"Lanjut","Python","ADK3-0A7E8DD2"
843355,"Menengah","Python","ADK3-0A7E8DD2"
451142,"Lanjut","Python","ADK3-0A7E8DD2"
906260,"Menengah","Python","ADK3-0A7E8DD2"
892309,"Menengah","R","ADK3-0A7E8DD2"
988028,"Menengah","R","ADK3-0A7E8DD2"
994904,"Lanjut","Python","ADK3-0A7E8DD2"
821429,"Menengah","SQL","ADK3-0A7E8DD2"
364970,"Lanjut","SQL","ADK3-0A7E8DD2"
408601,"Pemula","Python","ADK3-0A7E8DD2"
589940,"Pemula","Python","ADK3-0A7E8DD2"
265045,"Lanjut","Python","ADK3-0A7E8DD2"
713162,"Menengah","R","ADK3-0A7E8DD2"
896113,"Lanjut","Python","ADK3-0A7E8DD2"
729804,"Pemula","R","ADK3-0A7E8DD2"
690022,"Menengah","Python","ADK3-0A7E8DD2"
327141,"Menengah","Python","ADK3-0A7E8DD2"
514010,"Lanjut","Python","ADK3-0A7E8DD2"
297162,"Pemula","SQL","ADK3-0A7E8DD2"
331027,"Pemula","R","ADK3-0A7E8DD2"
908001,"Lanjut","Python","ADK3-0A7E8DD2"
777327,"Lanjut","Python","ADK3-0A7E8DD2"
158792,"Menengah","SQL","ADK3-0A7E8DD2"
826490,"Pemula","R","ADK3-0A7E8DD2"
899754,"Pemula","SQL","ADK3-0A7E8DD2"
834560,"Lanjut","Python","ADK3-0A7E8DD2"
134513,"Pemula","R","ADK3-0A7E8DD2"
638807,"Lanjut","Python","ADK3-0A7E8DD2"
114496,"Menengah","Python","ADK3-0A7E8DD2"
700376,"Lanjut","Python","ADK3-0A7E8DD2"
103114,"Menengah","Python","ADK3-0A7E8DD2"
988763,"Pemula","R","ADK3-0A7E8DD2"
478194,"Menengah","R","ADK3-0A7E8DD2"
156742,"Pemula","Python","ADK3-0A7E8DD2"
634549,"Menengah","SQL","ADK3-0A7E8DD2"
490792,"Pemula","R","ADK3-0A7E8DD2"
314826,"Lanjut","R","ADK3-0A7E8DD2"
541876,"Menengah","Python","ADK3-0A7E8DD2"
812724,"Menengah","SQL","ADK3-0A7E8DD2"
955361,"Pemula","R","ADK3-0A7E8DD2"
355786,"Menengah","Python","ADK3-0A7E8DD2"
875627,"Lanjut","Python","ADK3-0A7E8DD2"
283929,"Pemula","SQL","ADK3-0A7E8DD2"
411874,"Pemula","Python","ADK3-0A7E8DD2"
879366,"Menengah","Python","ADK3-0A7E8DD2"
589795,"Pemula","Python","ADK3-0A7E8DD2"
256340,"Menengah","Python","ADK3-0A7E8DD2"
651121,"Lanjut","Python","ADK3-0A7E8DD2"
514996,"Menengah","Python","ADK3-0A7E8DD2"
900306,"Lanjut","Python","ADK3-0A7E8DD2"
735777,"Pemula","SQL","ADK3-0A7E8DD2"
646009,"Lanjut","R","ADK3-0A7E8DD2"
271223,"Lanjut","R","ADK3-0A7E8DD2"
483124,"Pemula","R","ADK3-0A7E8DD2"
287534,"Pemula","R","ADK3-0A7E8DD2"
840066,"Lanjut","Python","ADK3-0A7E8DD2"
703696,"Menengah","R","ADK3-0A7E8DD2"
153436,"Menengah","Python","ADK3-0A7E8DD2"
764688,"Lanjut","Python","ADK3-0A7E8DD2"
848558,"Lanjut","Python","ADK3-0A7E8DD2"
848754,"Menengah","R","ADK3-0A7E8DD2"
579639,"Pemula","SQL","ADK3-0A7E8DD2"
192925,"Pemula","Python","ADK3-0A7E8DD2"
546370,"Lanjut","Python","ADK3-0A7E8DD2"
937901,"Lanjut","Python","ADK3-0A7E8DD2"
596528,"Menengah","Python","ADK3-0A7E8DD2"
960941,"Pemula","R","ADK3-0A7E8DD2"
783261,"Pemula","R","ADK3-0A7E8DD2"
959093,"Lanjut","Python","ADK3-0A7E8DD2"
911782,"Menengah","R","ADK3-0A7E8DD2"
124275,"Pemula","R","ADK3-0A7E8DD2"
704999,"Pemula","Python","ADK3-0A7E8DD2"
273012,"Menengah","R","ADK3-0A7E8DD2"
570800,"Pemula","SQL","ADK3-0A7E8DD2"
270091,"Menengah","Python","ADK3-0A7E8DD2"
705762,"Lanjut","Python","ADK3-0A7E8DD2"
409664,"Lanjut","SQL","ADK3-0A7E8DD2"
352290,"Lanjut","SQL","ADK3-0A7E8DD2"
532586,"Menengah","Python","ADK3-0A7E8DD2"
769482,"Lanjut","Python","ADK3-0A7E8DD2"
711064,"Menengah","R","ADK3-0A7E8DD2"
651338,"Menengah","Python","ADK3-0A7E8DD2"
583165,"Menengah","SQL","ADK3-0A7E8DD2"
809963,"Pemula","SQL","ADK3-0A7E8DD2"
500226,"Lanjut","Python","ADK3-0A7E8DD2"
756851,"Pemula","SQL","ADK3-0A7E8DD2"
540126,"Lanjut","Python","ADK3-0A7E8DD2"
905874,"Pemula","Python","ADK3-0A7E8DD2"
575929,"Menengah","SQL","ADK3-0A7E8DD2"
508201,"Menengah","R","ADK3-0A7E8DD2"
147651,"Pemula","R","ADK3-0A7E8DD2"
288001,"Menengah","Python","ADK3-0A7E8DD2"
484044,"Pemula","Python","ADK3-0A7E8DD2"
570553,"Menengah","Python","ADK3-0A7E8DD2"
753277,"Lanjut","Python","ADK3-0A7E8DD2"
189826,"Pemula","Python","ADK3-0A7E8DD2"
292304,"Pemula","R","ADK3-0A7E8DD2"
376046,"Menengah","SQL","ADK3-0A7E8DD2"
301603,"Menengah","R","ADK3-0A7E8DD2"
695976,"Pemula","Python","ADK3-0A7E8DD2"
345739,"Menengah","SQL","ADK3-0A7E8DD2"
568307,"Pemula","Python","ADK3-0A7E8DD2"
916366,"Pemula","R","ADK3-0A7E8DD2"
882263,"Menengah","Python","ADK3-0A7E8DD2"
214225,"Pemula","SQL","ADK3-0A7E8DD2"
478192,"Lanjut","Python","ADK3-0A7E8DD2"
173195,"Pemula","SQL","ADK3-0A7E8DD2"
821387,"Pemula","SQL","ADK3-0A7E8DD2"
385894,"Menengah","R","ADK3-0A7E8DD2"
577985,"Pemula","R","ADK3-0A7E8DD2"
530743,"Lanjut","Python","ADK3-0A7E8DD2"
